model,scenario
ACCESS1-0,rcp45
ACCESS1-0,rcp85
bcc-csm1-1,rcp26
bcc-csm1-1,rcp45
bcc-csm1-1,rcp60
bcc-csm1-1,rcp85
BNU-ESM,rcp26
BNU-ESM,rcp45
BNU-ESM,rcp85
CanESM2,rcp26
CanESM2,rcp45
CanESM2,rcp85
CCSM4,rcp26
CCSM4,rcp45
CCSM4,rcp60
CCSM4,rcp85
CCSM4,pmip3
CESM1-BGC,rcp45
CESM1-BGC,rcp85
CESM1-CAM5,rcp26
CESM1-CAM5,rcp45
CESM1-CAM5,rcp60
CESM1-CAM5,rcp85
CMCC-CM,rcp45
CMCC-CM,rcp85
CMCC-CMS,rcp45
CMCC-CMS,rcp85
CNRM-CM5,rcp26
CNRM-CM5,rcp45
CNRM-CM5,rcp85
CNRM-CM5,pmip3
CSIRO-Mk3-6-0,rcp26
CSIRO-Mk3-6-0,rcp45
CSIRO-Mk3-6-0,rcp60
CSIRO-Mk3-6-0,rcp85
FGOALS-g2,rcp26
FGOALS-g2,rcp45
FGOALS-g2,rcp85
FGOALS-g2,pmip3
FIO-ESM,rcp26
FIO-ESM,rcp45
FIO-ESM,rcp60
FIO-ESM,rcp85
GFDL-CM3,rcp26
GFDL-CM3,rcp45
GFDL-CM3,rcp60
GFDL-CM3,rcp85
GFDL-ESM2G,rcp26
GFDL-ESM2G,rcp45
GFDL-ESM2G,rcp60
GFDL-ESM2G,rcp85
GFDL-ESM2M,rcp26
GFDL-ESM2M,rcp45
GFDL-ESM2M,rcp60
GFDL-ESM2M,rcp85
GISS-E2-H,rcp26
GISS-E2-H,rcp45
GISS-E2-H,rcp60
GISS-E2-H,rcp85
GISS-E2-H-CC,rcp45
GISS-E2-H-CC,rcp85
GISS-E2-R,rcp26
GISS-E2-R,rcp45
GISS-E2-R,rcp60
GISS-E2-R,rcp85
GISS-E2-R-CC,rcp45
GISS-E2-R-CC,rcp85
HadGEM2-AO,rcp26
HadGEM2-AO,rcp45
HadGEM2-AO,rcp60
HadGEM2-AO,rcp85
HadGEM2-CC,rcp45
HadGEM2-CC,rcp85
inmcm4,rcp45
inmcm4,rcp85
IPSL-CM5A-LR,rcp26
IPSL-CM5A-LR,rcp45
IPSL-CM5A-LR,rcp60
IPSL-CM5A-LR,rcp85
IPSL-CM5A-LR,pmip3
IPSL-CM5A-MR,rcp26
IPSL-CM5A-MR,rcp45
IPSL-CM5A-MR,rcp60
IPSL-CM5A-MR,rcp85
MIROC-ESM,rcp26
MIROC-ESM,rcp45
MIROC-ESM,rcp60
MIROC-ESM,rcp85
MIROC-ESM,pmip3
MIROC-ESM-CHEM,rcp26
MIROC-ESM-CHEM,rcp45
MIROC-ESM-CHEM,rcp60
MIROC-ESM-CHEM,rcp85
MIROC5,rcp26
MIROC5,rcp45
MIROC5,rcp60
MIROC5,rcp85
MPI-ESM-LR,rcp26
MPI-ESM-LR,rcp45
MPI-ESM-LR,rcp85
MPI-ESM-MR,rcp26
MPI-ESM-MR,rcp45
MPI-ESM-MR,rcp85
MPI-ESM-P,pmip3
MRI-CGCM3,rcp26
MRI-CGCM3,rcp45
MRI-CGCM3,rcp60
MRI-CGCM3,rcp85
MRI-CGCM3,pmip3
MRI-ESM1,rcp85
NorESM1-M,rcp26
NorESM1-M,rcp45
NorESM1-M,rcp60
NorESM1-M,rcp85
